{
    "dependencies": {
        "github.com/aws/aws-sdk-go-v2": "v1.4.0",
        "github.com/aws/aws-sdk-go-v2/internal/configsources": "v0.0.0-00010101000000-000000000000",
        "github.com/aws/aws-sdk-go-v2/internal/endpoints/v2": "v2.0.0-00010101000000-000000000000",
        "github.com/aws/smithy-go": "v1.4.0",
        "github.com/google/go-cmp": "v0.5.4",
        "github.com/jmespath/go-jmespath": "v0.4.0"
    },
    "files": [
        "api_client.go",
        "api_client_test.go",
        "api_op_AddTagsToResource.go",
        "api_op_AuthorizeCacheSecurityGroupIngress.go",
        "api_op_BatchApplyUpdateAction.go",
        "api_op_BatchStopUpdateAction.go",
        "api_op_CompleteMigration.go",
        "api_op_CopySnapshot.go",
        "api_op_CreateCacheCluster.go",
        "api_op_CreateCacheParameterGroup.go",
        "api_op_CreateCacheSecurityGroup.go",
        "api_op_CreateCacheSubnetGroup.go",
        "api_op_CreateGlobalReplicationGroup.go",
        "api_op_CreateReplicationGroup.go",
        "api_op_CreateSnapshot.go",
        "api_op_CreateUser.go",
        "api_op_CreateUserGroup.go",
        "api_op_DecreaseNodeGroupsInGlobalReplicationGroup.go",
        "api_op_DecreaseReplicaCount.go",
        "api_op_DeleteCacheCluster.go",
        "api_op_DeleteCacheParameterGroup.go",
        "api_op_DeleteCacheSecurityGroup.go",
        "api_op_DeleteCacheSubnetGroup.go",
        "api_op_DeleteGlobalReplicationGroup.go",
        "api_op_DeleteReplicationGroup.go",
        "api_op_DeleteSnapshot.go",
        "api_op_DeleteUser.go",
        "api_op_DeleteUserGroup.go",
        "api_op_DescribeCacheClusters.go",
        "api_op_DescribeCacheEngineVersions.go",
        "api_op_DescribeCacheParameterGroups.go",
        "api_op_DescribeCacheParameters.go",
        "api_op_DescribeCacheSecurityGroups.go",
        "api_op_DescribeCacheSubnetGroups.go",
        "api_op_DescribeEngineDefaultParameters.go",
        "api_op_DescribeEvents.go",
        "api_op_DescribeGlobalReplicationGroups.go",
        "api_op_DescribeReplicationGroups.go",
        "api_op_DescribeReservedCacheNodes.go",
        "api_op_DescribeReservedCacheNodesOfferings.go",
        "api_op_DescribeServiceUpdates.go",
        "api_op_DescribeSnapshots.go",
        "api_op_DescribeUpdateActions.go",
        "api_op_DescribeUserGroups.go",
        "api_op_DescribeUsers.go",
        "api_op_DisassociateGlobalReplicationGroup.go",
        "api_op_FailoverGlobalReplicationGroup.go",
        "api_op_IncreaseNodeGroupsInGlobalReplicationGroup.go",
        "api_op_IncreaseReplicaCount.go",
        "api_op_ListAllowedNodeTypeModifications.go",
        "api_op_ListTagsForResource.go",
        "api_op_ModifyCacheCluster.go",
        "api_op_ModifyCacheParameterGroup.go",
        "api_op_ModifyCacheSubnetGroup.go",
        "api_op_ModifyGlobalReplicationGroup.go",
        "api_op_ModifyReplicationGroup.go",
        "api_op_ModifyReplicationGroupShardConfiguration.go",
        "api_op_ModifyUser.go",
        "api_op_ModifyUserGroup.go",
        "api_op_PurchaseReservedCacheNodesOffering.go",
        "api_op_RebalanceSlotsInGlobalReplicationGroup.go",
        "api_op_RebootCacheCluster.go",
        "api_op_RemoveTagsFromResource.go",
        "api_op_ResetCacheParameterGroup.go",
        "api_op_RevokeCacheSecurityGroupIngress.go",
        "api_op_StartMigration.go",
        "api_op_TestFailover.go",
        "api_op_TestMigration.go",
        "deserializers.go",
        "doc.go",
        "endpoints.go",
        "endpoints_test.go",
        "generated.json",
        "internal/endpoints/endpoints.go",
        "internal/endpoints/endpoints_test.go",
        "protocol_test.go",
        "serializers.go",
        "types/enums.go",
        "types/errors.go",
        "types/types.go",
        "validators.go"
    ],
    "go": "1.15",
    "module": "github.com/aws/aws-sdk-go-v2/service/elasticache",
    "unstable": false
}
