{
    "dependencies": {
        "github.com/aws/aws-sdk-go-v2": "v1.4.0",
        "github.com/aws/aws-sdk-go-v2/internal/configsources": "v0.0.0-00010101000000-000000000000",
        "github.com/aws/aws-sdk-go-v2/internal/endpoints/v2": "v2.0.0-00010101000000-000000000000",
        "github.com/aws/smithy-go": "v1.4.0",
        "github.com/google/go-cmp": "v0.5.4"
    },
    "files": [
        "api_client.go",
        "api_client_test.go",
        "api_op_CreateApi.go",
        "api_op_CreateApiMapping.go",
        "api_op_CreateAuthorizer.go",
        "api_op_CreateDeployment.go",
        "api_op_CreateDomainName.go",
        "api_op_CreateIntegration.go",
        "api_op_CreateIntegrationResponse.go",
        "api_op_CreateModel.go",
        "api_op_CreateRoute.go",
        "api_op_CreateRouteResponse.go",
        "api_op_CreateStage.go",
        "api_op_CreateVpcLink.go",
        "api_op_DeleteAccessLogSettings.go",
        "api_op_DeleteApi.go",
        "api_op_DeleteApiMapping.go",
        "api_op_DeleteAuthorizer.go",
        "api_op_DeleteCorsConfiguration.go",
        "api_op_DeleteDeployment.go",
        "api_op_DeleteDomainName.go",
        "api_op_DeleteIntegration.go",
        "api_op_DeleteIntegrationResponse.go",
        "api_op_DeleteModel.go",
        "api_op_DeleteRoute.go",
        "api_op_DeleteRouteRequestParameter.go",
        "api_op_DeleteRouteResponse.go",
        "api_op_DeleteRouteSettings.go",
        "api_op_DeleteStage.go",
        "api_op_DeleteVpcLink.go",
        "api_op_ExportApi.go",
        "api_op_GetApi.go",
        "api_op_GetApiMapping.go",
        "api_op_GetApiMappings.go",
        "api_op_GetApis.go",
        "api_op_GetAuthorizer.go",
        "api_op_GetAuthorizers.go",
        "api_op_GetDeployment.go",
        "api_op_GetDeployments.go",
        "api_op_GetDomainName.go",
        "api_op_GetDomainNames.go",
        "api_op_GetIntegration.go",
        "api_op_GetIntegrationResponse.go",
        "api_op_GetIntegrationResponses.go",
        "api_op_GetIntegrations.go",
        "api_op_GetModel.go",
        "api_op_GetModelTemplate.go",
        "api_op_GetModels.go",
        "api_op_GetRoute.go",
        "api_op_GetRouteResponse.go",
        "api_op_GetRouteResponses.go",
        "api_op_GetRoutes.go",
        "api_op_GetStage.go",
        "api_op_GetStages.go",
        "api_op_GetTags.go",
        "api_op_GetVpcLink.go",
        "api_op_GetVpcLinks.go",
        "api_op_ImportApi.go",
        "api_op_ReimportApi.go",
        "api_op_ResetAuthorizersCache.go",
        "api_op_TagResource.go",
        "api_op_UntagResource.go",
        "api_op_UpdateApi.go",
        "api_op_UpdateApiMapping.go",
        "api_op_UpdateAuthorizer.go",
        "api_op_UpdateDeployment.go",
        "api_op_UpdateDomainName.go",
        "api_op_UpdateIntegration.go",
        "api_op_UpdateIntegrationResponse.go",
        "api_op_UpdateModel.go",
        "api_op_UpdateRoute.go",
        "api_op_UpdateRouteResponse.go",
        "api_op_UpdateStage.go",
        "api_op_UpdateVpcLink.go",
        "auth.go",
        "deserializers.go",
        "doc.go",
        "endpoints.go",
        "endpoints_config_test.go",
        "endpoints_test.go",
        "generated.json",
        "internal/endpoints/endpoints.go",
        "internal/endpoints/endpoints_test.go",
        "options.go",
        "protocol_test.go",
        "serializers.go",
        "types/enums.go",
        "types/errors.go",
        "types/types.go",
        "validators.go"
    ],
    "go": "1.15",
    "module": "github.com/aws/aws-sdk-go-v2/service/apigatewayv2",
    "unstable": false
}
