{
    "version": 2,
    "testCases": [
        {
            "id": "ListCertificatesSuccess",
            "operationName": "ListCertificates",
            "input": {},
            "expectation": {
                "success": {}
            },
            "config": {
                "region": "us-west-2"
            }
        },
        {
            "id": "GetCertificateFailure",
            "operationName": "GetCertificate",
            "input": {
                "CertificateArn": "arn:aws:acm:region:123456789012:certificate\/12345678-1234-1234-1234-123456789012"
            },
            "expectation": {
                "failure": {}
            },
            "config": {
                "region": "us-west-2"
            }
        }
    ]
}
