{
    "dependencies": {
        "github.com/aws/aws-sdk-go-v2": "v1.4.0",
        "github.com/aws/aws-sdk-go-v2/internal/configsources": "v0.0.0-00010101000000-000000000000",
        "github.com/aws/aws-sdk-go-v2/internal/endpoints/v2": "v2.0.0-00010101000000-000000000000",
        "github.com/aws/smithy-go": "v1.4.0",
        "github.com/jmespath/go-jmespath": "v0.4.0"
    },
    "files": [
        "api_client.go",
        "api_client_test.go",
        "api_op_DeleteAlarms.go",
        "api_op_DeleteAnomalyDetector.go",
        "api_op_DeleteDashboards.go",
        "api_op_DeleteInsightRules.go",
        "api_op_DeleteMetricStream.go",
        "api_op_DescribeAlarmHistory.go",
        "api_op_DescribeAlarms.go",
        "api_op_DescribeAlarmsForMetric.go",
        "api_op_DescribeAnomalyDetectors.go",
        "api_op_DescribeInsightRules.go",
        "api_op_DisableAlarmActions.go",
        "api_op_DisableInsightRules.go",
        "api_op_EnableAlarmActions.go",
        "api_op_EnableInsightRules.go",
        "api_op_GetDashboard.go",
        "api_op_GetInsightRuleReport.go",
        "api_op_GetMetricData.go",
        "api_op_GetMetricStatistics.go",
        "api_op_GetMetricStream.go",
        "api_op_GetMetricWidgetImage.go",
        "api_op_ListDashboards.go",
        "api_op_ListManagedInsightRules.go",
        "api_op_ListMetricStreams.go",
        "api_op_ListMetrics.go",
        "api_op_ListTagsForResource.go",
        "api_op_PutAnomalyDetector.go",
        "api_op_PutCompositeAlarm.go",
        "api_op_PutDashboard.go",
        "api_op_PutInsightRule.go",
        "api_op_PutManagedInsightRules.go",
        "api_op_PutMetricAlarm.go",
        "api_op_PutMetricData.go",
        "api_op_PutMetricStream.go",
        "api_op_SetAlarmState.go",
        "api_op_StartMetricStreams.go",
        "api_op_StopMetricStreams.go",
        "api_op_TagResource.go",
        "api_op_UntagResource.go",
        "auth.go",
        "deserializers.go",
        "doc.go",
        "endpoints.go",
        "endpoints_config_test.go",
        "endpoints_test.go",
        "generated.json",
        "internal/endpoints/endpoints.go",
        "internal/endpoints/endpoints_test.go",
        "options.go",
        "protocol_test.go",
        "serializers.go",
        "snapshot_test.go",
        "types/enums.go",
        "types/errors.go",
        "types/types.go",
        "validators.go"
    ],
    "go": "1.15",
    "module": "github.com/aws/aws-sdk-go-v2/service/cloudwatch",
    "unstable": false
}
