{
  "include": [
    {
      "scenario": "smoke backend:raft consul_version:1.14.2 distro:ubuntu seal:shamir arch:amd64 artifact_source:crt edition:oss artifact_type:bundle",
      "aws_region": "us-east-1",
      "test_group": 3
    },
    {
      "scenario": "smoke backend:raft consul_version:1.13.4 distro:rhel seal:awskms arch:amd64 artifact_source:crt edition:oss artifact_type:bundle",
      "aws_region": "us-west-2",
      "test_group": 4
    },
    {
      "scenario": "smoke backend:consul consul_version:1.14.2 distro:ubuntu seal:shamir arch:amd64 artifact_source:crt edition:oss artifact_type:bundle",
      "aws_region": "us-east-1",
      "test_group": 1
    },
    {
      "scenario": "smoke backend:consul consul_version:1.13.4 distro:rhel seal:awskms arch:amd64 artifact_source:crt edition:oss artifact_type:bundle",
      "aws_region": "us-west-2",
      "test_group": 5
    },
    {
      "scenario": "smoke backend:consul consul_version:1.12.7 distro:ubuntu seal:shamir arch:amd64 artifact_source:crt edition:oss artifact_type:bundle",
      "aws_region": "us-east-1",
      "test_group": 2
    },
    {
      "scenario": "upgrade backend:raft consul_version:1.14.2 distro:rhel seal:awskms arch:amd64 artifact_source:crt edition:oss artifact_type:bundle",
      "aws_region": "us-west-2",
      "test_group": 3
    },
    {
      "scenario": "upgrade backend:raft consul_version:1.14.2 distro:ubuntu seal:shamir arch:amd64 artifact_source:crt edition:oss artifact_type:bundle",
      "aws_region": "us-east-1",
      "test_group": 5
    },
    {
      "scenario": "upgrade backend:consul consul_version:1.14.2 distro:rhel seal:awskms arch:amd64 artifact_source:crt edition:oss artifact_type:bundle",
      "aws_region": "us-west-2",
      "test_group": 4
    },
    {
      "scenario": "upgrade backend:consul consul_version:1.13.4 distro:ubuntu seal:shamir arch:amd64 artifact_source:crt edition:oss artifact_type:bundle",
      "aws_region": "us-east-1",
      "test_group": 2
    },
    {
      "scenario": "upgrade backend:consul consul_version:1.12.7 distro:rhel seal:awskms arch:amd64 artifact_source:crt edition:oss artifact_type:bundle",
      "aws_region": "us-west-2",
      "test_group": 1
    }
  ]
}
