{
    "dependencies": {
        "github.com/aws/aws-sdk-go-v2": "v1.4.0",
        "github.com/aws/aws-sdk-go-v2/internal/configsources": "v0.0.0-00010101000000-000000000000",
        "github.com/aws/aws-sdk-go-v2/internal/endpoints/v2": "v2.0.0-00010101000000-000000000000",
        "github.com/aws/smithy-go": "v1.4.0"
    },
    "files": [
        "api_client.go",
        "api_client_test.go",
        "api_op_BatchDeleteEvaluationJob.go",
        "api_op_CreateEvaluationJob.go",
        "api_op_CreateGuardrail.go",
        "api_op_CreateGuardrailVersion.go",
        "api_op_CreateInferenceProfile.go",
        "api_op_CreateMarketplaceModelEndpoint.go",
        "api_op_CreateModelCopyJob.go",
        "api_op_CreateModelCustomizationJob.go",
        "api_op_CreateModelImportJob.go",
        "api_op_CreateModelInvocationJob.go",
        "api_op_CreateProvisionedModelThroughput.go",
        "api_op_DeleteCustomModel.go",
        "api_op_DeleteGuardrail.go",
        "api_op_DeleteImportedModel.go",
        "api_op_DeleteInferenceProfile.go",
        "api_op_DeleteMarketplaceModelEndpoint.go",
        "api_op_DeleteModelInvocationLoggingConfiguration.go",
        "api_op_DeleteProvisionedModelThroughput.go",
        "api_op_DeregisterMarketplaceModelEndpoint.go",
        "api_op_GetCustomModel.go",
        "api_op_GetEvaluationJob.go",
        "api_op_GetFoundationModel.go",
        "api_op_GetGuardrail.go",
        "api_op_GetImportedModel.go",
        "api_op_GetInferenceProfile.go",
        "api_op_GetMarketplaceModelEndpoint.go",
        "api_op_GetModelCopyJob.go",
        "api_op_GetModelCustomizationJob.go",
        "api_op_GetModelImportJob.go",
        "api_op_GetModelInvocationJob.go",
        "api_op_GetModelInvocationLoggingConfiguration.go",
        "api_op_GetPromptRouter.go",
        "api_op_GetProvisionedModelThroughput.go",
        "api_op_ListCustomModels.go",
        "api_op_ListEvaluationJobs.go",
        "api_op_ListFoundationModels.go",
        "api_op_ListGuardrails.go",
        "api_op_ListImportedModels.go",
        "api_op_ListInferenceProfiles.go",
        "api_op_ListMarketplaceModelEndpoints.go",
        "api_op_ListModelCopyJobs.go",
        "api_op_ListModelCustomizationJobs.go",
        "api_op_ListModelImportJobs.go",
        "api_op_ListModelInvocationJobs.go",
        "api_op_ListPromptRouters.go",
        "api_op_ListProvisionedModelThroughputs.go",
        "api_op_ListTagsForResource.go",
        "api_op_PutModelInvocationLoggingConfiguration.go",
        "api_op_RegisterMarketplaceModelEndpoint.go",
        "api_op_StopEvaluationJob.go",
        "api_op_StopModelCustomizationJob.go",
        "api_op_StopModelInvocationJob.go",
        "api_op_TagResource.go",
        "api_op_UntagResource.go",
        "api_op_UpdateGuardrail.go",
        "api_op_UpdateMarketplaceModelEndpoint.go",
        "api_op_UpdateProvisionedModelThroughput.go",
        "auth.go",
        "deserializers.go",
        "doc.go",
        "document/doc.go",
        "document/document.go",
        "endpoints.go",
        "endpoints_config_test.go",
        "endpoints_test.go",
        "generated.json",
        "internal/document/document.go",
        "internal/document/document_test.go",
        "internal/endpoints/endpoints.go",
        "internal/endpoints/endpoints_test.go",
        "options.go",
        "protocol_test.go",
        "serializers.go",
        "snapshot_test.go",
        "types/enums.go",
        "types/errors.go",
        "types/types.go",
        "types/types_exported_test.go",
        "validators.go"
    ],
    "go": "1.15",
    "module": "github.com/aws/aws-sdk-go-v2/service/bedrock",
    "unstable": false
}
