{
    "dependencies": {
        "github.com/aws/aws-sdk-go-v2": "v1.4.0",
        "github.com/aws/aws-sdk-go-v2/internal/configsources": "v0.0.0-00010101000000-000000000000",
        "github.com/aws/aws-sdk-go-v2/internal/endpoints/v2": "v2.0.0-00010101000000-000000000000",
        "github.com/aws/aws-sdk-go-v2/service/internal/presigned-url": "v1.0.7",
        "github.com/aws/smithy-go": "v1.4.0",
        "github.com/google/go-cmp": "v0.5.4",
        "github.com/jmespath/go-jmespath": "v0.4.0"
    },
    "files": [
        "api_client.go",
        "api_client_test.go",
        "api_op_AddRoleToDBCluster.go",
        "api_op_AddRoleToDBInstance.go",
        "api_op_AddSourceIdentifierToSubscription.go",
        "api_op_AddTagsToResource.go",
        "api_op_ApplyPendingMaintenanceAction.go",
        "api_op_AuthorizeDBSecurityGroupIngress.go",
        "api_op_BacktrackDBCluster.go",
        "api_op_CancelExportTask.go",
        "api_op_CopyDBClusterParameterGroup.go",
        "api_op_CopyDBClusterSnapshot.go",
        "api_op_CopyDBClusterSnapshot_test.go",
        "api_op_CopyDBParameterGroup.go",
        "api_op_CopyDBSnapshot.go",
        "api_op_CopyDBSnapshot_test.go",
        "api_op_CopyOptionGroup.go",
        "api_op_CreateBlueGreenDeployment.go",
        "api_op_CreateCustomDBEngineVersion.go",
        "api_op_CreateDBCluster.go",
        "api_op_CreateDBClusterEndpoint.go",
        "api_op_CreateDBClusterParameterGroup.go",
        "api_op_CreateDBClusterSnapshot.go",
        "api_op_CreateDBCluster_test.go",
        "api_op_CreateDBInstance.go",
        "api_op_CreateDBInstanceReadReplica.go",
        "api_op_CreateDBInstanceReadReplica_test.go",
        "api_op_CreateDBParameterGroup.go",
        "api_op_CreateDBProxy.go",
        "api_op_CreateDBProxyEndpoint.go",
        "api_op_CreateDBSecurityGroup.go",
        "api_op_CreateDBSnapshot.go",
        "api_op_CreateDBSubnetGroup.go",
        "api_op_CreateEventSubscription.go",
        "api_op_CreateGlobalCluster.go",
        "api_op_CreateOptionGroup.go",
        "api_op_DeleteBlueGreenDeployment.go",
        "api_op_DeleteCustomDBEngineVersion.go",
        "api_op_DeleteDBCluster.go",
        "api_op_DeleteDBClusterAutomatedBackup.go",
        "api_op_DeleteDBClusterEndpoint.go",
        "api_op_DeleteDBClusterParameterGroup.go",
        "api_op_DeleteDBClusterSnapshot.go",
        "api_op_DeleteDBInstance.go",
        "api_op_DeleteDBInstanceAutomatedBackup.go",
        "api_op_DeleteDBParameterGroup.go",
        "api_op_DeleteDBProxy.go",
        "api_op_DeleteDBProxyEndpoint.go",
        "api_op_DeleteDBSecurityGroup.go",
        "api_op_DeleteDBSnapshot.go",
        "api_op_DeleteDBSubnetGroup.go",
        "api_op_DeleteEventSubscription.go",
        "api_op_DeleteGlobalCluster.go",
        "api_op_DeleteOptionGroup.go",
        "api_op_DeregisterDBProxyTargets.go",
        "api_op_DescribeAccountAttributes.go",
        "api_op_DescribeBlueGreenDeployments.go",
        "api_op_DescribeCertificates.go",
        "api_op_DescribeDBClusterAutomatedBackups.go",
        "api_op_DescribeDBClusterBacktracks.go",
        "api_op_DescribeDBClusterEndpoints.go",
        "api_op_DescribeDBClusterParameterGroups.go",
        "api_op_DescribeDBClusterParameters.go",
        "api_op_DescribeDBClusterSnapshotAttributes.go",
        "api_op_DescribeDBClusterSnapshots.go",
        "api_op_DescribeDBClusters.go",
        "api_op_DescribeDBEngineVersions.go",
        "api_op_DescribeDBInstanceAutomatedBackups.go",
        "api_op_DescribeDBInstances.go",
        "api_op_DescribeDBLogFiles.go",
        "api_op_DescribeDBParameterGroups.go",
        "api_op_DescribeDBParameters.go",
        "api_op_DescribeDBProxies.go",
        "api_op_DescribeDBProxyEndpoints.go",
        "api_op_DescribeDBProxyTargetGroups.go",
        "api_op_DescribeDBProxyTargets.go",
        "api_op_DescribeDBSecurityGroups.go",
        "api_op_DescribeDBSnapshotAttributes.go",
        "api_op_DescribeDBSnapshots.go",
        "api_op_DescribeDBSubnetGroups.go",
        "api_op_DescribeEngineDefaultClusterParameters.go",
        "api_op_DescribeEngineDefaultParameters.go",
        "api_op_DescribeEventCategories.go",
        "api_op_DescribeEventSubscriptions.go",
        "api_op_DescribeEvents.go",
        "api_op_DescribeExportTasks.go",
        "api_op_DescribeGlobalClusters.go",
        "api_op_DescribeOptionGroupOptions.go",
        "api_op_DescribeOptionGroups.go",
        "api_op_DescribeOrderableDBInstanceOptions.go",
        "api_op_DescribePendingMaintenanceActions.go",
        "api_op_DescribeReservedDBInstances.go",
        "api_op_DescribeReservedDBInstancesOfferings.go",
        "api_op_DescribeSourceRegions.go",
        "api_op_DescribeValidDBInstanceModifications.go",
        "api_op_DownloadDBLogFilePortion.go",
        "api_op_FailoverDBCluster.go",
        "api_op_FailoverGlobalCluster.go",
        "api_op_ListTagsForResource.go",
        "api_op_ModifyActivityStream.go",
        "api_op_ModifyCertificates.go",
        "api_op_ModifyCurrentDBClusterCapacity.go",
        "api_op_ModifyCustomDBEngineVersion.go",
        "api_op_ModifyDBCluster.go",
        "api_op_ModifyDBClusterEndpoint.go",
        "api_op_ModifyDBClusterParameterGroup.go",
        "api_op_ModifyDBClusterSnapshotAttribute.go",
        "api_op_ModifyDBInstance.go",
        "api_op_ModifyDBParameterGroup.go",
        "api_op_ModifyDBProxy.go",
        "api_op_ModifyDBProxyEndpoint.go",
        "api_op_ModifyDBProxyTargetGroup.go",
        "api_op_ModifyDBSnapshot.go",
        "api_op_ModifyDBSnapshotAttribute.go",
        "api_op_ModifyDBSubnetGroup.go",
        "api_op_ModifyEventSubscription.go",
        "api_op_ModifyGlobalCluster.go",
        "api_op_ModifyOptionGroup.go",
        "api_op_PromoteReadReplica.go",
        "api_op_PromoteReadReplicaDBCluster.go",
        "api_op_PurchaseReservedDBInstancesOffering.go",
        "api_op_RebootDBCluster.go",
        "api_op_RebootDBInstance.go",
        "api_op_RegisterDBProxyTargets.go",
        "api_op_RemoveFromGlobalCluster.go",
        "api_op_RemoveRoleFromDBCluster.go",
        "api_op_RemoveRoleFromDBInstance.go",
        "api_op_RemoveSourceIdentifierFromSubscription.go",
        "api_op_RemoveTagsFromResource.go",
        "api_op_ResetDBClusterParameterGroup.go",
        "api_op_ResetDBParameterGroup.go",
        "api_op_RestoreDBClusterFromS3.go",
        "api_op_RestoreDBClusterFromSnapshot.go",
        "api_op_RestoreDBClusterToPointInTime.go",
        "api_op_RestoreDBInstanceFromDBSnapshot.go",
        "api_op_RestoreDBInstanceFromS3.go",
        "api_op_RestoreDBInstanceToPointInTime.go",
        "api_op_RevokeDBSecurityGroupIngress.go",
        "api_op_StartActivityStream.go",
        "api_op_StartDBCluster.go",
        "api_op_StartDBInstance.go",
        "api_op_StartDBInstanceAutomatedBackupsReplication.go",
        "api_op_StartExportTask.go",
        "api_op_StopActivityStream.go",
        "api_op_StopDBCluster.go",
        "api_op_StopDBInstance.go",
        "api_op_StopDBInstanceAutomatedBackupsReplication.go",
        "api_op_SwitchoverBlueGreenDeployment.go",
        "api_op_SwitchoverGlobalCluster.go",
        "api_op_SwitchoverReadReplica.go",
        "deserializers.go",
        "doc.go",
        "endpoints.go",
        "endpoints_test.go",
        "generated.json",
        "internal/endpoints/endpoints.go",
        "internal/endpoints/endpoints_test.go",
        "protocol_test.go",
        "serializers.go",
        "types/enums.go",
        "types/errors.go",
        "types/types.go",
        "validators.go"
    ],
    "go": "1.15",
    "module": "github.com/aws/aws-sdk-go-v2/service/rds",
    "unstable": false
}
