{
    "dependencies": {
        "github.com/aws/aws-sdk-go-v2": "v1.4.0",
        "github.com/aws/aws-sdk-go-v2/internal/configsources": "v0.0.0-00010101000000-000000000000",
        "github.com/aws/aws-sdk-go-v2/internal/endpoints/v2": "v2.0.0-00010101000000-000000000000",
        "github.com/aws/smithy-go": "v1.4.0"
    },
    "files": [
        "api_client.go",
        "api_client_test.go",
        "api_op_AddClientIDToOpenIDConnectProvider.go",
        "api_op_AddRoleToInstanceProfile.go",
        "api_op_AddUserToGroup.go",
        "api_op_AttachGroupPolicy.go",
        "api_op_AttachRolePolicy.go",
        "api_op_AttachUserPolicy.go",
        "api_op_ChangePassword.go",
        "api_op_CreateAccessKey.go",
        "api_op_CreateAccountAlias.go",
        "api_op_CreateGroup.go",
        "api_op_CreateInstanceProfile.go",
        "api_op_CreateLoginProfile.go",
        "api_op_CreateOpenIDConnectProvider.go",
        "api_op_CreatePolicy.go",
        "api_op_CreatePolicyVersion.go",
        "api_op_CreateRole.go",
        "api_op_CreateSAMLProvider.go",
        "api_op_CreateServiceLinkedRole.go",
        "api_op_CreateServiceSpecificCredential.go",
        "api_op_CreateUser.go",
        "api_op_CreateVirtualMFADevice.go",
        "api_op_DeactivateMFADevice.go",
        "api_op_DeleteAccessKey.go",
        "api_op_DeleteAccountAlias.go",
        "api_op_DeleteAccountPasswordPolicy.go",
        "api_op_DeleteGroup.go",
        "api_op_DeleteGroupPolicy.go",
        "api_op_DeleteInstanceProfile.go",
        "api_op_DeleteLoginProfile.go",
        "api_op_DeleteOpenIDConnectProvider.go",
        "api_op_DeletePolicy.go",
        "api_op_DeletePolicyVersion.go",
        "api_op_DeleteRole.go",
        "api_op_DeleteRolePermissionsBoundary.go",
        "api_op_DeleteRolePolicy.go",
        "api_op_DeleteSAMLProvider.go",
        "api_op_DeleteSSHPublicKey.go",
        "api_op_DeleteServerCertificate.go",
        "api_op_DeleteServiceLinkedRole.go",
        "api_op_DeleteServiceSpecificCredential.go",
        "api_op_DeleteSigningCertificate.go",
        "api_op_DeleteUser.go",
        "api_op_DeleteUserPermissionsBoundary.go",
        "api_op_DeleteUserPolicy.go",
        "api_op_DeleteVirtualMFADevice.go",
        "api_op_DetachGroupPolicy.go",
        "api_op_DetachRolePolicy.go",
        "api_op_DetachUserPolicy.go",
        "api_op_DisableOrganizationsRootCredentialsManagement.go",
        "api_op_DisableOrganizationsRootSessions.go",
        "api_op_EnableMFADevice.go",
        "api_op_EnableOrganizationsRootCredentialsManagement.go",
        "api_op_EnableOrganizationsRootSessions.go",
        "api_op_GenerateCredentialReport.go",
        "api_op_GenerateOrganizationsAccessReport.go",
        "api_op_GenerateServiceLastAccessedDetails.go",
        "api_op_GetAccessKeyLastUsed.go",
        "api_op_GetAccountAuthorizationDetails.go",
        "api_op_GetAccountPasswordPolicy.go",
        "api_op_GetAccountSummary.go",
        "api_op_GetContextKeysForCustomPolicy.go",
        "api_op_GetContextKeysForPrincipalPolicy.go",
        "api_op_GetCredentialReport.go",
        "api_op_GetGroup.go",
        "api_op_GetGroupPolicy.go",
        "api_op_GetInstanceProfile.go",
        "api_op_GetLoginProfile.go",
        "api_op_GetMFADevice.go",
        "api_op_GetOpenIDConnectProvider.go",
        "api_op_GetOrganizationsAccessReport.go",
        "api_op_GetPolicy.go",
        "api_op_GetPolicyVersion.go",
        "api_op_GetRole.go",
        "api_op_GetRolePolicy.go",
        "api_op_GetSAMLProvider.go",
        "api_op_GetSSHPublicKey.go",
        "api_op_GetServerCertificate.go",
        "api_op_GetServiceLastAccessedDetails.go",
        "api_op_GetServiceLastAccessedDetailsWithEntities.go",
        "api_op_GetServiceLinkedRoleDeletionStatus.go",
        "api_op_GetUser.go",
        "api_op_GetUserPolicy.go",
        "api_op_ListAccessKeys.go",
        "api_op_ListAccountAliases.go",
        "api_op_ListAttachedGroupPolicies.go",
        "api_op_ListAttachedRolePolicies.go",
        "api_op_ListAttachedUserPolicies.go",
        "api_op_ListEntitiesForPolicy.go",
        "api_op_ListGroupPolicies.go",
        "api_op_ListGroups.go",
        "api_op_ListGroupsForUser.go",
        "api_op_ListInstanceProfileTags.go",
        "api_op_ListInstanceProfiles.go",
        "api_op_ListInstanceProfilesForRole.go",
        "api_op_ListMFADeviceTags.go",
        "api_op_ListMFADevices.go",
        "api_op_ListOpenIDConnectProviderTags.go",
        "api_op_ListOpenIDConnectProviders.go",
        "api_op_ListOrganizationsFeatures.go",
        "api_op_ListPolicies.go",
        "api_op_ListPoliciesGrantingServiceAccess.go",
        "api_op_ListPolicyTags.go",
        "api_op_ListPolicyVersions.go",
        "api_op_ListRolePolicies.go",
        "api_op_ListRoleTags.go",
        "api_op_ListRoles.go",
        "api_op_ListSAMLProviderTags.go",
        "api_op_ListSAMLProviders.go",
        "api_op_ListSSHPublicKeys.go",
        "api_op_ListServerCertificateTags.go",
        "api_op_ListServerCertificates.go",
        "api_op_ListServiceSpecificCredentials.go",
        "api_op_ListSigningCertificates.go",
        "api_op_ListUserPolicies.go",
        "api_op_ListUserTags.go",
        "api_op_ListUsers.go",
        "api_op_ListVirtualMFADevices.go",
        "api_op_PutGroupPolicy.go",
        "api_op_PutRolePermissionsBoundary.go",
        "api_op_PutRolePolicy.go",
        "api_op_PutUserPermissionsBoundary.go",
        "api_op_PutUserPolicy.go",
        "api_op_RemoveClientIDFromOpenIDConnectProvider.go",
        "api_op_RemoveRoleFromInstanceProfile.go",
        "api_op_RemoveUserFromGroup.go",
        "api_op_ResetServiceSpecificCredential.go",
        "api_op_ResyncMFADevice.go",
        "api_op_SetDefaultPolicyVersion.go",
        "api_op_SetSecurityTokenServicePreferences.go",
        "api_op_SimulateCustomPolicy.go",
        "api_op_SimulatePrincipalPolicy.go",
        "api_op_TagInstanceProfile.go",
        "api_op_TagMFADevice.go",
        "api_op_TagOpenIDConnectProvider.go",
        "api_op_TagPolicy.go",
        "api_op_TagRole.go",
        "api_op_TagSAMLProvider.go",
        "api_op_TagServerCertificate.go",
        "api_op_TagUser.go",
        "api_op_UntagInstanceProfile.go",
        "api_op_UntagMFADevice.go",
        "api_op_UntagOpenIDConnectProvider.go",
        "api_op_UntagPolicy.go",
        "api_op_UntagRole.go",
        "api_op_UntagSAMLProvider.go",
        "api_op_UntagServerCertificate.go",
        "api_op_UntagUser.go",
        "api_op_UpdateAccessKey.go",
        "api_op_UpdateAccountPasswordPolicy.go",
        "api_op_UpdateAssumeRolePolicy.go",
        "api_op_UpdateGroup.go",
        "api_op_UpdateLoginProfile.go",
        "api_op_UpdateOpenIDConnectProviderThumbprint.go",
        "api_op_UpdateRole.go",
        "api_op_UpdateRoleDescription.go",
        "api_op_UpdateSAMLProvider.go",
        "api_op_UpdateSSHPublicKey.go",
        "api_op_UpdateServerCertificate.go",
        "api_op_UpdateServiceSpecificCredential.go",
        "api_op_UpdateSigningCertificate.go",
        "api_op_UpdateUser.go",
        "api_op_UploadSSHPublicKey.go",
        "api_op_UploadServerCertificate.go",
        "api_op_UploadSigningCertificate.go",
        "auth.go",
        "deserializers.go",
        "doc.go",
        "endpoints.go",
        "endpoints_config_test.go",
        "endpoints_test.go",
        "generated.json",
        "internal/endpoints/endpoints.go",
        "internal/endpoints/endpoints_test.go",
        "options.go",
        "protocol_test.go",
        "serializers.go",
        "snapshot_test.go",
        "types/enums.go",
        "types/errors.go",
        "types/types.go",
        "validators.go"
    ],
    "go": "1.15",
    "module": "github.com/aws/aws-sdk-go-v2/service/iam",
    "unstable": false
}
