{
    "dependencies": {
        "github.com/aws/aws-sdk-go-v2": "v1.4.0",
        "github.com/aws/aws-sdk-go-v2/aws/protocol/eventstream": "v0.0.0-00010101000000-000000000000",
        "github.com/aws/aws-sdk-go-v2/internal/configsources": "v0.0.0-00010101000000-000000000000",
        "github.com/aws/aws-sdk-go-v2/internal/endpoints/v2": "v2.0.0-00010101000000-000000000000",
        "github.com/aws/smithy-go": "v1.4.0",
        "github.com/jmespath/go-jmespath": "v0.4.0"
    },
    "files": [
        "api_client.go",
        "api_client_test.go",
        "api_op_AddLayerVersionPermission.go",
        "api_op_AddPermission.go",
        "api_op_CreateAlias.go",
        "api_op_CreateCodeSigningConfig.go",
        "api_op_CreateEventSourceMapping.go",
        "api_op_CreateFunction.go",
        "api_op_CreateFunctionUrlConfig.go",
        "api_op_DeleteAlias.go",
        "api_op_DeleteCodeSigningConfig.go",
        "api_op_DeleteEventSourceMapping.go",
        "api_op_DeleteFunction.go",
        "api_op_DeleteFunctionCodeSigningConfig.go",
        "api_op_DeleteFunctionConcurrency.go",
        "api_op_DeleteFunctionEventInvokeConfig.go",
        "api_op_DeleteFunctionUrlConfig.go",
        "api_op_DeleteLayerVersion.go",
        "api_op_DeleteProvisionedConcurrencyConfig.go",
        "api_op_GetAccountSettings.go",
        "api_op_GetAlias.go",
        "api_op_GetCodeSigningConfig.go",
        "api_op_GetEventSourceMapping.go",
        "api_op_GetFunction.go",
        "api_op_GetFunctionCodeSigningConfig.go",
        "api_op_GetFunctionConcurrency.go",
        "api_op_GetFunctionConfiguration.go",
        "api_op_GetFunctionEventInvokeConfig.go",
        "api_op_GetFunctionUrlConfig.go",
        "api_op_GetLayerVersion.go",
        "api_op_GetLayerVersionByArn.go",
        "api_op_GetLayerVersionPolicy.go",
        "api_op_GetPolicy.go",
        "api_op_GetProvisionedConcurrencyConfig.go",
        "api_op_GetRuntimeManagementConfig.go",
        "api_op_Invoke.go",
        "api_op_InvokeAsync.go",
        "api_op_InvokeWithResponseStream.go",
        "api_op_ListAliases.go",
        "api_op_ListCodeSigningConfigs.go",
        "api_op_ListEventSourceMappings.go",
        "api_op_ListFunctionEventInvokeConfigs.go",
        "api_op_ListFunctionUrlConfigs.go",
        "api_op_ListFunctions.go",
        "api_op_ListFunctionsByCodeSigningConfig.go",
        "api_op_ListLayerVersions.go",
        "api_op_ListLayers.go",
        "api_op_ListProvisionedConcurrencyConfigs.go",
        "api_op_ListTags.go",
        "api_op_ListVersionsByFunction.go",
        "api_op_PublishLayerVersion.go",
        "api_op_PublishVersion.go",
        "api_op_PutFunctionCodeSigningConfig.go",
        "api_op_PutFunctionConcurrency.go",
        "api_op_PutFunctionEventInvokeConfig.go",
        "api_op_PutProvisionedConcurrencyConfig.go",
        "api_op_PutRuntimeManagementConfig.go",
        "api_op_RemoveLayerVersionPermission.go",
        "api_op_RemovePermission.go",
        "api_op_TagResource.go",
        "api_op_UntagResource.go",
        "api_op_UpdateAlias.go",
        "api_op_UpdateCodeSigningConfig.go",
        "api_op_UpdateEventSourceMapping.go",
        "api_op_UpdateFunctionCode.go",
        "api_op_UpdateFunctionConfiguration.go",
        "api_op_UpdateFunctionEventInvokeConfig.go",
        "api_op_UpdateFunctionUrlConfig.go",
        "auth.go",
        "deserializers.go",
        "doc.go",
        "endpoints.go",
        "endpoints_config_test.go",
        "endpoints_test.go",
        "eventstream.go",
        "generated.json",
        "internal/endpoints/endpoints.go",
        "internal/endpoints/endpoints_test.go",
        "options.go",
        "protocol_test.go",
        "serializers.go",
        "snapshot_test.go",
        "types/enums.go",
        "types/errors.go",
        "types/types.go",
        "types/types_exported_test.go",
        "validators.go"
    ],
    "go": "1.15",
    "module": "github.com/aws/aws-sdk-go-v2/service/lambda",
    "unstable": false
}
