{
  "include": [
    {
      "scenario": "smoke arch:amd64 artifact_source:artifactory backend:consul consul_version:1.13.2 distro:rhel edition:oss seal:awskms artifact_type:bundle",
      "aws_region": "us-east-1"
    },
    {
      "scenario": "smoke arch:amd64 artifact_source:artifactory backend:consul consul_version:1.12.5 distro:ubuntu edition:oss seal:shamir artifact_type:bundle",
      "aws_region": "us-east-2"
    },
    {
      "scenario": "smoke arch:arm64 artifact_source:artifactory backend:raft consul_version:1.11.10 distro:ubuntu edition:oss seal:awskms artifact_type:bundle",
      "aws_region": "us-west-1"
    },
    {
      "scenario": "smoke arch:arm64 artifact_source:artifactory backend:raft consul_version:1.11.10 distro:rhel edition:oss seal:shamir artifact_type:bundle",
      "aws_region": "us-west-2"
    },
    {
      "scenario": "upgrade arch:arm64 artifact_source:artifactory backend:consul consul_version:1.11.10 distro:ubuntu edition:oss seal:shamir artifact_type:bundle",
      "aws_region": "us-west-1"
    },
    {
      "scenario": "upgrade arch:amd64 artifact_source:artifactory backend:consul consul_version:1.13.2 distro:rhel edition:oss seal:awskms artifact_type:bundle",
      "aws_region": "us-west-2"
    },
    {
      "scenario": "upgrade arch:arm64 artifact_source:artifactory backend:raft consul_version:1.12.5 distro:rhel edition:oss seal:shamir artifact_type:bundle",
      "aws_region": "us-east-1"
    },
    {
      "scenario": "upgrade arch:amd64 artifact_source:artifactory backend:raft consul_version:1.13.2 distro:ubuntu edition:oss seal:awskms artifact_type:bundle",
      "aws_region": "us-east-2"
    }
  ]
}
