{
  "include": [
    {
      "scenario": "smoke backend:consul consul_version:1.13.2 distro:ubuntu seal:awskms arch:amd64 artifact_source:crt edition:ent artifact_type:bundle",
      "aws_region": "us-west-1"
    },
    {
      "scenario": "smoke backend:raft consul_version:1.13.2 distro:ubuntu seal:shamir arch:amd64 artifact_source:crt edition:ent artifact_type:bundle",
      "aws_region": "us-west-2"
    },
    {
      "scenario": "upgrade backend:raft consul_version:1.12.5 distro:rhel seal:shamir arch:amd64 artifact_source:crt edition:ent artifact_type:bundle",
      "aws_region": "us-west-1"
    },
    {
      "scenario": "upgrade backend:consul consul_version:1.12.5 distro:rhel seal:awskms arch:amd64 artifact_source:crt edition:ent artifact_type:bundle",
      "aws_region": "us-west-2"
    },
    {
      "scenario": "autopilot distro:ubuntu seal:shamir arch:amd64 artifact_source:crt edition:ent artifact_type:bundle",
      "aws_region": "us-west-1"
    }
  ]
}
