{
  "include": [
    {
      "scenario": "smoke backend:consul consul_version:1.12.3 distro:ubuntu seal:awskms arch:amd64 builder:crt edition:oss",
      "aws_region": "us-west-1"
    },
    {
      "scenario": "smoke backend:raft consul_version:1.12.3 distro:ubuntu seal:shamir arch:amd64 builder:crt edition:oss",
      "aws_region": "us-west-2"
    },
    {
      "scenario": "upgrade backend:raft consul_version:1.11.7 distro:rhel seal:shamir arch:amd64 builder:crt edition:oss",
      "aws_region": "us-west-1"
    },
    {
      "scenario": "upgrade backend:consul consul_version:1.11.7 distro:rhel seal:awskms arch:amd64 builder:crt edition:oss",
      "aws_region": "us-west-2"
    }
  ]
}
