{
    "dependencies": {
        "github.com/aws/aws-sdk-go-v2": "v1.4.0",
        "github.com/aws/aws-sdk-go-v2/internal/configsources": "v0.0.0-00010101000000-000000000000",
        "github.com/aws/aws-sdk-go-v2/internal/endpoints/v2": "v2.0.0-00010101000000-000000000000",
        "github.com/aws/smithy-go": "v1.4.0"
    },
    "files": [
        "api_client.go",
        "api_client_test.go",
        "api_op_CreateApiKey.go",
        "api_op_CreateAuthorizer.go",
        "api_op_CreateBasePathMapping.go",
        "api_op_CreateDeployment.go",
        "api_op_CreateDocumentationPart.go",
        "api_op_CreateDocumentationVersion.go",
        "api_op_CreateDomainName.go",
        "api_op_CreateModel.go",
        "api_op_CreateRequestValidator.go",
        "api_op_CreateResource.go",
        "api_op_CreateRestApi.go",
        "api_op_CreateStage.go",
        "api_op_CreateUsagePlan.go",
        "api_op_CreateUsagePlanKey.go",
        "api_op_CreateVpcLink.go",
        "api_op_DeleteApiKey.go",
        "api_op_DeleteAuthorizer.go",
        "api_op_DeleteBasePathMapping.go",
        "api_op_DeleteClientCertificate.go",
        "api_op_DeleteDeployment.go",
        "api_op_DeleteDocumentationPart.go",
        "api_op_DeleteDocumentationVersion.go",
        "api_op_DeleteDomainName.go",
        "api_op_DeleteGatewayResponse.go",
        "api_op_DeleteIntegration.go",
        "api_op_DeleteIntegrationResponse.go",
        "api_op_DeleteMethod.go",
        "api_op_DeleteMethodResponse.go",
        "api_op_DeleteModel.go",
        "api_op_DeleteRequestValidator.go",
        "api_op_DeleteResource.go",
        "api_op_DeleteRestApi.go",
        "api_op_DeleteStage.go",
        "api_op_DeleteUsagePlan.go",
        "api_op_DeleteUsagePlanKey.go",
        "api_op_DeleteVpcLink.go",
        "api_op_FlushStageAuthorizersCache.go",
        "api_op_FlushStageCache.go",
        "api_op_GenerateClientCertificate.go",
        "api_op_GetAccount.go",
        "api_op_GetApiKey.go",
        "api_op_GetApiKeys.go",
        "api_op_GetAuthorizer.go",
        "api_op_GetAuthorizers.go",
        "api_op_GetBasePathMapping.go",
        "api_op_GetBasePathMappings.go",
        "api_op_GetClientCertificate.go",
        "api_op_GetClientCertificates.go",
        "api_op_GetDeployment.go",
        "api_op_GetDeployments.go",
        "api_op_GetDocumentationPart.go",
        "api_op_GetDocumentationParts.go",
        "api_op_GetDocumentationVersion.go",
        "api_op_GetDocumentationVersions.go",
        "api_op_GetDomainName.go",
        "api_op_GetDomainNames.go",
        "api_op_GetExport.go",
        "api_op_GetGatewayResponse.go",
        "api_op_GetGatewayResponses.go",
        "api_op_GetIntegration.go",
        "api_op_GetIntegrationResponse.go",
        "api_op_GetMethod.go",
        "api_op_GetMethodResponse.go",
        "api_op_GetModel.go",
        "api_op_GetModelTemplate.go",
        "api_op_GetModels.go",
        "api_op_GetRequestValidator.go",
        "api_op_GetRequestValidators.go",
        "api_op_GetResource.go",
        "api_op_GetResources.go",
        "api_op_GetRestApi.go",
        "api_op_GetRestApis.go",
        "api_op_GetSdk.go",
        "api_op_GetSdkType.go",
        "api_op_GetSdkTypes.go",
        "api_op_GetStage.go",
        "api_op_GetStages.go",
        "api_op_GetTags.go",
        "api_op_GetUsage.go",
        "api_op_GetUsagePlan.go",
        "api_op_GetUsagePlanKey.go",
        "api_op_GetUsagePlanKeys.go",
        "api_op_GetUsagePlans.go",
        "api_op_GetVpcLink.go",
        "api_op_GetVpcLinks.go",
        "api_op_ImportApiKeys.go",
        "api_op_ImportDocumentationParts.go",
        "api_op_ImportRestApi.go",
        "api_op_PutGatewayResponse.go",
        "api_op_PutIntegration.go",
        "api_op_PutIntegrationResponse.go",
        "api_op_PutMethod.go",
        "api_op_PutMethodResponse.go",
        "api_op_PutRestApi.go",
        "api_op_TagResource.go",
        "api_op_TestInvokeAuthorizer.go",
        "api_op_TestInvokeMethod.go",
        "api_op_UntagResource.go",
        "api_op_UpdateAccount.go",
        "api_op_UpdateApiKey.go",
        "api_op_UpdateAuthorizer.go",
        "api_op_UpdateBasePathMapping.go",
        "api_op_UpdateClientCertificate.go",
        "api_op_UpdateDeployment.go",
        "api_op_UpdateDocumentationPart.go",
        "api_op_UpdateDocumentationVersion.go",
        "api_op_UpdateDomainName.go",
        "api_op_UpdateGatewayResponse.go",
        "api_op_UpdateIntegration.go",
        "api_op_UpdateIntegrationResponse.go",
        "api_op_UpdateMethod.go",
        "api_op_UpdateMethodResponse.go",
        "api_op_UpdateModel.go",
        "api_op_UpdateRequestValidator.go",
        "api_op_UpdateResource.go",
        "api_op_UpdateRestApi.go",
        "api_op_UpdateStage.go",
        "api_op_UpdateUsage.go",
        "api_op_UpdateUsagePlan.go",
        "api_op_UpdateVpcLink.go",
        "auth.go",
        "deserializers.go",
        "doc.go",
        "endpoints.go",
        "endpoints_config_test.go",
        "endpoints_test.go",
        "generated.json",
        "internal/endpoints/endpoints.go",
        "internal/endpoints/endpoints_test.go",
        "options.go",
        "protocol_test.go",
        "serializers.go",
        "snapshot_test.go",
        "types/enums.go",
        "types/errors.go",
        "types/types.go",
        "validators.go"
    ],
    "go": "1.15",
    "module": "github.com/aws/aws-sdk-go-v2/service/apigateway",
    "unstable": false
}
