{
    "dependencies": {
        "github.com/aws/aws-sdk-go-v2": "v1.4.0",
        "github.com/aws/aws-sdk-go-v2/internal/configsources": "v0.0.0-00010101000000-000000000000",
        "github.com/aws/aws-sdk-go-v2/internal/endpoints/v2": "v2.0.0-00010101000000-000000000000",
        "github.com/aws/smithy-go": "v1.4.0"
    },
    "files": [
        "api_client.go",
        "api_client_test.go",
        "api_op_CancelRotateSecret.go",
        "api_op_CreateSecret.go",
        "api_op_DeleteResourcePolicy.go",
        "api_op_DeleteSecret.go",
        "api_op_DescribeSecret.go",
        "api_op_GetRandomPassword.go",
        "api_op_GetResourcePolicy.go",
        "api_op_GetSecretValue.go",
        "api_op_ListSecretVersionIds.go",
        "api_op_ListSecrets.go",
        "api_op_PutResourcePolicy.go",
        "api_op_PutSecretValue.go",
        "api_op_RemoveRegionsFromReplication.go",
        "api_op_ReplicateSecretToRegions.go",
        "api_op_RestoreSecret.go",
        "api_op_RotateSecret.go",
        "api_op_StopReplicationToReplica.go",
        "api_op_TagResource.go",
        "api_op_UntagResource.go",
        "api_op_UpdateSecret.go",
        "api_op_UpdateSecretVersionStage.go",
        "api_op_ValidateResourcePolicy.go",
        "deserializers.go",
        "doc.go",
        "endpoints.go",
        "generated.json",
        "internal/endpoints/endpoints.go",
        "internal/endpoints/endpoints_test.go",
        "protocol_test.go",
        "serializers.go",
        "types/enums.go",
        "types/errors.go",
        "types/types.go",
        "validators.go"
    ],
    "go": "1.15",
    "module": "github.com/aws/aws-sdk-go-v2/service/secretsmanager",
    "unstable": false
}
